Experience,Test Score,Interview Score,Education,Department,Gender,Salary
6,82,91,Bachelor,Sales,Female,116500
19,54,74,Bachelor,Marketing,Male,150500
14,69,75,Master,Finance,Male,159500
10,67,59,Master,Sales,Female,112500
7,80,64,Bachelor,IT,Male,101000
20,91,61,Bachelor,IT,Male,178500
6,86,71,Master,Marketing,Male,107000
18,80,78,Bachelor,Finance,Male,163000
10,64,75,Master,Marketing,Female,119500
10,70,91,Bachelor,IT,Male,108000
20,68,58,Bachelor,IT,Female,181500
3,66,71,Bachelor,IT,Male,77500
7,67,53,Bachelor,IT,Male,102000
2,67,58,Master,HR,Male,84500
20,66,86,Bachelor,Sales,Female,170500
1,83,64,Master,Operations,Female,72500
11,59,60,Master,Sales,Female,137000
5,63,42,Bachelor,IT,Female,90500
1,53,59,Master,Finance,Female,77000
20,89,67,Bachelor,IT,Female,176000
0,62,52,Bachelor,IT,Female,77000
11,80,67,Master,HR,Female,123000
11,78,87,Bachelor,IT,Male,132500
16,88,61,Master,IT,Male,159500
9,69,58,Bachelor,Operations,Female,86500
15,61,55,Master,HR,Female,126500
14,53,55,Master,Finance,Male,133000
14,40,77,Master,IT,Female,140000
18,74,71,Master,IT,Female,193000
11,81,82,Master,Sales,Male,142000
19,78,96,Master,IT,Female,191000
2,54,46,Master,Finance,Male,72500
4,84,75,Bachelor,IT,Male,92000
18,64,55,Bachelor,HR,Male,169000
6,61,80,Bachelor,IT,Male,86500
20,63,66,PhD,Sales,Female,192500
8,73,70,Bachelor,Sales,Male,118500
6,54,53,Bachelor,Sales,Male,95000
17,72,64,Bachelor,IT,Male,170500
3,77,71,Master,Sales,Male,93000
13,85,88,Master,HR,Male,150500
17,74,60,Bachelor,Finance,Female,152000
8,56,63,Bachelor,Marketing,Male,102500
20,74,82,Master,IT,Female,177500
1,59,59,Bachelor,IT,Female,74500
19,59,85,Bachelor,Sales,Male,163500
14,56,70,Master,IT,Female,149000
6,49,74,Master,Marketing,Male,115500
11,65,75,Bachelor,Finance,Male,118500
7,86,62,Master,Sales,Male,123000
14,99,75,Master,Operations,Male,164000
2,65,60,Bachelor,Sales,Male,77000
13,85,63,PhD,IT,Female,153000
16,67,77,Master,IT,Male,165500
3,52,74,Master,HR,Female,100500
17,80,69,Master,IT,Male,153000
7,75,54,Bachelor,IT,Female,99500
3,94,57,Bachelor,Marketing,Male,90000
1,54,74,Bachelor,HR,Male,60000
5,100,80,Bachelor,Operations,Male,101500
9,91,56,Bachelor,IT,Male,128500
3,72,59,Master,IT,Male,95000
17,68,72,Master,IT,Female,171500
11,63,71,Master,Operations,Male,128500
1,73,49,Master,Sales,Female,78500
9,70,72,Master,Sales,Female,140000
3,78,62,Bachelor,Operations,Female,75000
13,68,91,Bachelor,HR,Male,126500
15,89,73,Bachelor,HR,Male,151000
14,74,75,Master,Finance,Female,142500
7,69,76,Bachelor,Marketing,Female,92500
13,84,54,Master,HR,Male,133000
7,53,95,Bachelor,HR,Male,93500
20,76,49,Master,Operations,Male,171500
15,72,80,Master,Operations,Female,158500
12,55,78,Master,Sales,Female,131000
17,51,64,PhD,Sales,Male,176500
14,84,79,Master,Marketing,Female,158000
20,84,66,PhD,IT,Female,192500
12,74,61,PhD,IT,Male,161000
8,93,76,Master,Marketing,Female,129000
14,77,57,Master,Sales,Female,130000
12,87,67,Bachelor,IT,Male,135000
0,77,62,Bachelor,Operations,Female,55500
6,69,66,Master,IT,Male,120500
8,59,76,Bachelor,IT,Male,102000
0,65,62,Bachelor,Marketing,Male,46000
11,69,67,PhD,IT,Male,148000
7,88,63,Master,IT,Male,110000
10,81,89,Master,Finance,Male,141500
18,76,74,Bachelor,Sales,Female,150000
16,82,73,Bachelor,Finance,Male,150000
7,78,79,Bachelor,Marketing,Female,114500
2,75,62,Bachelor,Marketing,Male,80500
2,54,81,Bachelor,IT,Female,79500
0,86,75,Bachelor,Operations,Female,63000
4,66,50,PhD,IT,Male,111500
9,85,51,Master,Operations,Female,124500
6,86,63,Bachelor,HR,Male,83500
8,64,53,Bachelor,Operations,Female,104500
6,83,67,Bachelor,IT,Male,90500
8,68,57,Bachelor,HR,Female,102500
7,68,69,PhD,IT,Female,117500
11,75,88,Bachelor,IT,Male,146000
1,75,69,Bachelor,Marketing,Male,73500
0,72,66,Bachelor,IT,Female,52500
15,56,75,Bachelor,Marketing,Male,136500
4,71,61,Master,IT,Male,93500
2,99,81,Master,Finance,Male,89000
11,40,76,Master,Sales,Male,126500
7,82,71,Bachelor,Finance,Female,94500
2,85,72,Master,Marketing,Male,94000
0,56,97,Master,Marketing,Male,80500
2,66,82,Master,Sales,Female,88500
4,60,99,Bachelor,Finance,Female,87000
14,94,77,Bachelor,Marketing,Male,146000
13,85,51,Master,Operations,Male,146500
2,86,67,Master,Sales,Female,91500
0,73,48,Bachelor,HR,Female,43500
4,88,77,Bachelor,Marketing,Male,80000
13,72,80,Bachelor,Sales,Male,129000
6,88,58,Master,Marketing,Male,92500
8,70,61,Bachelor,IT,Male,108500
14,64,72,PhD,IT,Male,176000
14,94,54,Bachelor,Sales,Female,148500
9,72,53,PhD,IT,Male,142500
12,61,86,Master,Sales,Female,143500
18,61,71,Bachelor,Finance,Male,175500
6,61,63,Master,HR,Female,106000
16,82,48,Bachelor,IT,Female,157000
19,71,81,PhD,IT,Male,180000
3,100,61,Master,Operations,Male,104500
4,86,94,Bachelor,Sales,Male,94000
6,75,81,Master,Marketing,Female,106500
12,89,59,PhD,HR,Female,145500
14,66,61,Bachelor,Marketing,Male,126000
10,50,92,Master,Marketing,Male,135500
3,60,69,Master,Marketing,Male,85500
12,74,63,Master,IT,Female,136000
6,69,70,Bachelor,Marketing,Male,84500
18,82,63,Bachelor,Sales,Male,158500
1,71,73,Bachelor,Operations,Male,62500
9,81,69,Master,IT,Male,122500
12,90,81,Bachelor,Sales,Female,118000
20,70,65,PhD,Marketing,Male,197500
5,79,58,Bachelor,Finance,Female,88500
11,51,65,Master,IT,Male,121000
11,71,65,Bachelor,Finance,Male,118000
19,57,69,Bachelor,Finance,Female,164500
10,74,78,Bachelor,Finance,Female,118500
6,75,78,Bachelor,Sales,Female,97000
0,75,86,Master,Sales,Male,78000
0,66,59,PhD,Marketing,Male,71500
19,100,75,Master,Operations,Female,187000
12,57,79,PhD,Finance,Male,134500
8,56,61,Master,IT,Male,119500
2,92,67,Master,Marketing,Female,93000
6,64,47,Master,IT,Female,102500
5,61,82,Master,Finance,Female,105000
7,100,67,Bachelor,IT,Female,107000
8,84,80,Master,IT,Female,128500
4,65,73,Bachelor,Sales,Male,91000
0,75,68,Master,IT,Male,72500
18,95,49,Master,HR,Female,172500
9,80,52,Bachelor,IT,Male,128000
11,87,40,Bachelor,Marketing,Male,119000
14,82,63,PhD,Finance,Male,158500
8,83,100,Master,Sales,Male,144000
19,72,53,Bachelor,Finance,Female,160500
16,72,40,Master,IT,Male,159000
16,75,83,Master,HR,Male,159500
19,81,100,Bachelor,IT,Male,177500
11,69,74,PhD,Finance,Female,143500
6,73,74,Master,Finance,Male,110000
1,68,66,Bachelor,Operations,Male,72500
2,73,47,Master,IT,Female,82500
16,57,51,Master,Marketing,Male,145500
4,100,66,Bachelor,IT,Male,91000
16,63,63,Bachelor,Finance,Male,134000
16,68,69,Bachelor,Finance,Male,140000
16,62,81,Master,Operations,Female,148500
1,79,62,Master,IT,Male,84500
1,70,81,Master,IT,Female,93500
4,60,63,PhD,Finance,Male,119000
0,80,83,Master,IT,Male,84000
0,81,71,Bachelor,IT,Female,73500
18,71,64,Bachelor,Marketing,Male,155500
1,64,71,Bachelor,IT,Male,52000
20,98,66,Bachelor,IT,Male,166000
11,76,71,Master,Sales,Male,139500
5,57,80,Master,Finance,Female,108000
3,89,69,Bachelor,IT,Male,94000
10,62,65,Master,IT,Female,126500
16,100,55,Master,Marketing,Female,142000
5,73,78,Bachelor,IT,Male,85500
4,84,75,Bachelor,HR,Male,75500
19,47,55,Bachelor,IT,Male,163000
1,57,81,Bachelor,Marketing,Female,61500
5,88,54,PhD,Finance,Male,131000
10,76,83,Bachelor,Marketing,Female,129500
15,97,79,Bachelor,Sales,Male,162500
15,78,75,Bachelor,Marketing,Female,133000
0,74,65,PhD,IT,Male,96000
8,93,77,Bachelor,IT,Female,110500
5,84,84,Bachelor,Finance,Male,98500
15,70,78,Bachelor,IT,Male,139000
2,59,61,Bachelor,IT,Male,84000
19,44,73,Bachelor,Sales,Male,148000
3,67,85,Master,Finance,Female,76000
18,58,99,Bachelor,Finance,Male,178000
2,100,67,Bachelor,Marketing,Male,81500
18,64,81,Master,Marketing,Female,157500
19,64,85,Bachelor,IT,Male,165500
6,54,59,Bachelor,Sales,Male,82000
19,69,93,Bachelor,IT,Female,169500
8,64,56,PhD,Sales,Male,131500
0,93,81,Bachelor,Sales,Female,75000
7,74,74,Master,Sales,Male,114000
6,72,71,Master,Marketing,Male,104500
17,70,100,Bachelor,IT,Female,170000
7,81,66,PhD,Finance,Female,109500
0,67,66,Bachelor,Marketing,Male,52500
10,80,87,Bachelor,Finance,Female,112500
17,91,80,Master,Sales,Male,178000
9,78,87,Master,Finance,Male,120500
2,69,72,Master,IT,Female,77500
6,61,74,Bachelor,IT,Male,101500
15,69,95,Bachelor,Finance,Male,138000
15,79,59,Master,Marketing,Female,147500
19,54,69,Bachelor,Sales,Female,178000
16,82,80,Bachelor,Marketing,Male,155500
1,74,67,Bachelor,Sales,Male,65500
0,70,63,Bachelor,Sales,Female,59500
15,64,78,Master,Sales,Female,160000
11,66,87,Bachelor,IT,Female,132000
4,79,68,PhD,Sales,Male,110000
4,70,68,Bachelor,IT,Male,88000
8,66,62,Master,IT,Male,104500
8,78,66,Bachelor,Marketing,Female,88000
2,78,84,Bachelor,Finance,Female,77000
18,57,71,Bachelor,IT,Female,152000
15,79,60,Bachelor,IT,Female,150000
15,100,73,Bachelor,IT,Male,154000
2,78,84,PhD,Operations,Male,92500
19,52,63,Master,IT,Male,173500
0,74,53,Bachelor,IT,Male,61000
19,50,98,Bachelor,Finance,Male,181500
10,100,52,Bachelor,Finance,Male,123000
16,99,65,Master,Operations,Female,146500
7,64,73,Master,IT,Female,130500
3,45,66,PhD,HR,Male,87000
5,61,69,Bachelor,Marketing,Male,75500
7,70,77,Bachelor,Operations,Male,116500
19,51,40,Bachelor,Marketing,Female,153000
2,71,54,Master,Sales,Female,88000
15,70,71,Master,IT,Female,163500
2,74,65,Master,Finance,Male,84500
17,75,72,Master,Finance,Male,160500
13,60,73,Bachelor,Sales,Male,124000
17,62,42,Master,IT,Female,174500
1,73,87,Bachelor,IT,Female,77500
2,64,64,Master,Finance,Female,95500
15,83,59,Bachelor,IT,Male,145000
8,72,73,Bachelor,IT,Female,102500
3,94,71,PhD,Operations,Female,93000
0,82,86,Master,Finance,Male,87000
3,85,74,Master,Marketing,Male,107500
0,74,85,Bachelor,Sales,Female,57500
13,74,58,Master,Finance,Male,146500
20,93,72,Bachelor,IT,Female,164000
15,67,56,Master,IT,Female,148500
19,79,71,Bachelor,Finance,Female,167000
7,69,69,PhD,Marketing,Female,106000
6,69,68,PhD,Finance,Female,119000
2,58,68,Master,IT,Female,78500
16,63,80,Bachelor,HR,Male,147500
0,61,49,Bachelor,Operations,Male,52500
15,79,58,Master,Sales,Male,160000
11,84,69,Bachelor,Sales,Female,119500
18,71,55,Master,Sales,Male,152500
13,75,71,Bachelor,Finance,Male,119000
5,70,69,Bachelor,Sales,Male,70500
5,62,52,PhD,IT,Female,118500
12,82,51,Master,Marketing,Female,157500
18,80,40,Master,Marketing,Female,167000
7,49,54,Master,IT,Male,122500
1,69,70,Bachelor,Sales,Female,77000
20,61,72,Master,Operations,Female,169500
0,67,73,Bachelor,IT,Male,78000
14,64,60,PhD,Sales,Female,152000
0,71,70,Master,IT,Male,75000
4,68,75,Bachelor,Marketing,Female,80000
15,68,54,Master,HR,Male,144000
18,85,72,Master,HR,Male,174000
3,79,79,Bachelor,Operations,Female,73000
2,64,64,PhD,Sales,Male,102500
16,65,84,Bachelor,Sales,Male,154000
16,78,64,Bachelor,IT,Female,153500
11,78,59,Bachelor,Operations,Male,134000
13,65,77,Bachelor,IT,Female,146000
20,69,96,Master,Sales,Male,192000
5,94,71,Master,Finance,Female,108000
2,65,78,Master,IT,Female,92500
8,95,63,Master,Marketing,Male,123500
4,85,54,Bachelor,IT,Female,88000
16,93,72,Bachelor,IT,Female,152000
13,64,74,Bachelor,Finance,Female,109000
20,70,65,Bachelor,IT,Female,176500
2,67,78,Master,IT,Female,99000
0,86,61,Bachelor,IT,Male,58500
19,65,58,Bachelor,Finance,Male,164500
20,81,84,Bachelor,IT,Female,170500
0,80,84,PhD,Marketing,Male,87000
2,71,62,PhD,IT,Male,112500
17,88,92,Master,Operations,Male,159500
9,73,66,PhD,Sales,Male,124500
2,82,71,Master,IT,Male,108500
7,66,69,Master,Sales,Female,107500
13,63,77,Bachelor,Sales,Male,140000
17,81,74,Master,Operations,Male,149000
14,77,73,Master,Marketing,Female,134000
1,75,57,Master,IT,Female,74500
9,68,48,Master,Marketing,Male,110500
1,91,85,Bachelor,Marketing,Male,61000
16,59,63,Master,Marketing,Female,155500
7,58,69,PhD,Finance,Female,126000
0,83,74,Bachelor,Sales,Female,57500
8,82,91,Master,Operations,Female,112500
10,76,72,Bachelor,IT,Female,114500
15,69,65,Master,IT,Male,145000
6,78,63,Master,IT,Female,84500
9,93,70,Bachelor,Sales,Male,113000
2,100,58,Master,Marketing,Female,84000
17,52,70,Bachelor,Marketing,Female,142000
12,67,69,Master,Finance,Male,128000
6,66,91,Bachelor,Marketing,Male,102000
3,92,69,Master,Finance,Male,118000
12,42,45,Bachelor,HR,Male,102500
19,78,100,Master,Sales,Female,192500
0,69,82,Bachelor,Operations,Male,65000
7,92,97,Master,Operations,Female,118500
13,90,55,PhD,Operations,Male,151000
15,76,67,PhD,Finance,Female,167000
13,53,79,Master,HR,Female,146500
11,65,77,Master,Sales,Female,121000
18,66,74,Bachelor,Operations,Male,150500
14,56,41,Bachelor,IT,Female,142500
1,86,48,Bachelor,Finance,Male,77500
1,55,90,Master,IT,Male,74000
18,96,92,PhD,Marketing,Male,187500
16,96,69,Bachelor,Finance,Male,159500
19,67,88,PhD,Finance,Female,196000
9,76,57,Master,IT,Male,133500
5,71,60,Master,Finance,Female,103500
14,83,56,Bachelor,Sales,Female,140000
10,87,59,Bachelor,IT,Male,123500
4,75,79,Master,Marketing,Female,110500
0,78,59,Master,Marketing,Male,69000
7,65,99,Bachelor,Sales,Male,102500
20,77,76,Master,IT,Male,176500
11,74,84,Master,Operations,Female,121500
11,61,76,Master,Marketing,Female,132000
4,72,86,PhD,Operations,Male,102500
6,67,59,Bachelor,Operations,Male,87500
3,65,89,Bachelor,IT,Female,99000
5,58,72,Master,IT,Male,116500
12,73,86,Bachelor,IT,Female,152500
19,63,51,Bachelor,HR,Female,167000
14,66,72,Bachelor,IT,Male,160500
2,85,72,Bachelor,IT,Female,85000
7,80,62,Bachelor,HR,Male,88000
19,60,74,Bachelor,IT,Female,155000
15,76,90,Bachelor,IT,Female,162000
12,74,61,Bachelor,Finance,Male,126000
17,92,83,Master,IT,Male,175500
9,89,55,Master,Finance,Female,119000
18,54,97,Master,HR,Female,161500
16,82,80,Bachelor,HR,Male,150000
18,87,92,Bachelor,Sales,Female,153500
4,79,79,Master,HR,Male,97500
20,68,75,Master,HR,Male,188500
8,100,80,Bachelor,Finance,Female,95000
11,80,68,Bachelor,Sales,Male,107000
20,96,49,PhD,Sales,Female,199000
0,88,76,Bachelor,Sales,Male,79000
0,78,60,Bachelor,Marketing,Female,56500
14,65,56,Master,IT,Male,130000
1,72,78,Bachelor,IT,Male,86500
15,69,66,Bachelor,IT,Female,136500
7,57,83,Bachelor,Operations,Male,92000
12,80,60,Master,Marketing,Male,138500
20,91,64,Bachelor,Sales,Male,163500
0,68,85,Bachelor,Finance,Male,58000
15,98,74,Bachelor,Sales,Female,139000
6,53,51,Master,IT,Male,119500
4,85,73,Bachelor,IT,Female,102000
2,92,89,PhD,Finance,Male,113000
11,70,64,Bachelor,Marketing,Male,97000
15,70,78,PhD,HR,Male,168500
18,85,59,PhD,Sales,Male,186500
4,78,68,Bachelor,IT,Male,77500
13,48,84,Bachelor,Marketing,Female,128000
4,62,73,Bachelor,HR,Female,87500
14,72,87,Bachelor,IT,Male,148000
16,56,76,Master,Sales,Male,148500
13,66,99,Bachelor,Sales,Male,133500
19,56,50,Bachelor,Sales,Male,160500
4,68,67,Bachelor,Sales,Male,82000
11,68,56,PhD,Sales,Male,152000
15,76,57,Bachelor,IT,Male,147500
15,71,57,Bachelor,Sales,Male,144500
20,78,72,Bachelor,Finance,Male,177500
6,77,73,PhD,IT,Male,115500
3,84,76,Master,IT,Male,99000
0,82,55,Bachelor,Sales,Male,59000
4,81,66,Bachelor,Sales,Male,93500
9,100,57,Bachelor,IT,Male,122000
4,76,82,Bachelor,Sales,Male,84500
3,100,59,PhD,Operations,Male,93500
1,77,67,Master,IT,Male,70500
19,71,77,Bachelor,IT,Male,170000
9,68,62,Master,Sales,Male,112000
18,90,79,Bachelor,IT,Male,172500
0,92,91,Master,Marketing,Female,67000
4,79,72,Master,IT,Male,116500
12,86,82,Bachelor,HR,Male,133000
3,57,43,Master,Sales,Female,82500
15,53,64,Bachelor,Marketing,Male,149000
15,87,72,Bachelor,Sales,Male,152500
1,70,56,Bachelor,Sales,Female,60000
16,81,73,Bachelor,Sales,Female,148500
19,63,84,Master,Marketing,Male,154500
11,92,46,PhD,IT,Male,159000
17,54,55,Master,HR,Male,150000
2,55,72,Master,IT,Male,68000
0,89,76,Master,Sales,Female,68500
0,41,80,Bachelor,Finance,Male,66500
18,77,71,Bachelor,Marketing,Male,170500
10,71,76,Bachelor,IT,Female,120000
4,63,82,Master,Sales,Female,86000
11,70,65,PhD,Sales,Male,130000
2,62,62,Bachelor,Finance,Female,83500
0,91,68,Master,Sales,Male,82000
0,94,73,Master,IT,Female,82000
7,64,61,Master,HR,Male,99000
9,75,65,Bachelor,Sales,Male,115000
10,56,75,Bachelor,Finance,Male,119000
11,85,72,Bachelor,Operations,Male,112500
12,85,68,Bachelor,IT,Male,122000
11,68,47,Bachelor,IT,Female,109500
13,72,70,Master,Operations,Female,135500
1,71,57,Bachelor,IT,Male,63500
18,53,83,Master,Operations,Male,178500
17,91,66,Bachelor,Operations,Male,147500
2,63,57,Master,IT,Female,74000
16,63,69,Bachelor,HR,Female,129500
7,70,87,Master,IT,Female,116500
9,84,78,PhD,Finance,Female,124000
1,65,73,Bachelor,IT,Male,70500
18,49,53,Bachelor,IT,Male,140500
8,61,91,Master,Finance,Female,129500
6,77,62,Bachelor,Finance,Female,96000
3,98,82,Bachelor,Operations,Male,103000
20,57,66,Bachelor,Sales,Male,160000
17,56,81,Bachelor,Sales,Female,120500
12,54,87,Master,HR,Male,145500
10,52,78,Bachelor,Sales,Male,115500
3,86,80,Master,Finance,Female,102500
20,90,69,Master,Sales,Male,173000
3,74,64,Master,Operations,Male,87000
9,66,72,Master,Finance,Female,123500
4,93,66,Master,Marketing,Female,96000
8,74,100,Bachelor,Sales,Female,94000
2,85,57,Master,Operations,Male,108000
16,66,83,Master,Sales,Male,166000
2,73,77,Master,IT,Female,95000
15,57,73,Master,Finance,Male,163000
3,80,89,Bachelor,IT,Male,94000
17,74,74,Bachelor,Sales,Female,145500
16,61,62,Master,IT,Male,169500
6,61,74,Bachelor,Sales,Male,99000
4,91,68,Master,IT,Male,98000
11,96,77,Bachelor,IT,Male,138500
16,69,81,Bachelor,HR,Male,141500
12,73,59,Bachelor,Sales,Male,124500
2,77,86,Bachelor,IT,Female,87000
8,74,67,Bachelor,Finance,Female,118000
16,52,76,Bachelor,HR,Male,133000
16,77,78,PhD,IT,Male,181000
19,47,75,Master,IT,Male,191500
15,63,69,Bachelor,Sales,Male,136500
12,78,64,Master,HR,Female,135500
18,79,67,Master,IT,Female,192000
16,62,90,Master,Sales,Female,164500
3,66,59,Bachelor,Operations,Male,59000
11,65,61,Master,Marketing,Male,120000
8,71,60,Master,HR,Male,117000
18,72,72,Bachelor,Sales,Male,160000
11,80,50,Bachelor,Operations,Female,117000
8,66,52,Master,Sales,Female,130500
6,76,67,Bachelor,Finance,Male,90000
13,78,53,Master,Marketing,Female,138500
19,74,54,Bachelor,Sales,Male,141000
18,69,53,PhD,IT,Male,192500
14,74,59,Master,Finance,Female,140500
15,81,80,Bachelor,Sales,Male,153500
20,82,82,Bachelor,Marketing,Male,178000
4,94,95,Master,Finance,Female,127500
2,60,94,Master,Marketing,Female,91000
11,67,80,Master,IT,Male,134000
19,53,83,Bachelor,Finance,Male,165000
20,83,72,Bachelor,Sales,Female,162000
3,68,77,Bachelor,IT,Female,86000
20,74,95,Master,IT,Female,186500
15,65,75,Bachelor,Operations,Male,137000
6,68,85,Bachelor,IT,Female,92000
12,87,58,Master,IT,Male,145500
20,80,61,PhD,Operations,Female,197000
9,71,74,Bachelor,Sales,Male,94500
6,81,72,Bachelor,Marketing,Female,88500
13,81,62,Master,Sales,Male,144000
4,67,100,Master,IT,Male,83000
2,54,72,Bachelor,Sales,Male,84500
10,61,64,PhD,HR,Male,126000
10,56,72,Master,Sales,Female,114500
17,86,70,Bachelor,HR,Female,149000
14,88,72,Bachelor,Marketing,Female,139000
11,91,49,Bachelor,HR,Male,110000
8,48,87,Master,HR,Female,119000
9,85,88,Bachelor,Sales,Female,119000
11,99,89,Master,Marketing,Male,132500
16,85,74,Master,Marketing,Male,155500
5,46,79,Bachelor,HR,Female,67000
6,93,59,Master,HR,Female,94000
13,73,81,PhD,Sales,Female,160500
12,69,73,Bachelor,Sales,Male,117000
7,77,64,Bachelor,Marketing,Male,114000
9,59,81,Bachelor,Operations,Male,106500
8,72,82,Master,Sales,Female,105500
17,91,71,PhD,Marketing,Female,169000
1,79,76,Bachelor,Marketing,Male,78500
4,73,57,Master,Operations,Female,90000
4,73,86,Bachelor,Marketing,Male,94000
5,58,58,Bachelor,Sales,Female,79500
18,70,61,Bachelor,Marketing,Male,147500
7,52,71,Bachelor,Marketing,Male,103000
15,84,84,Bachelor,IT,Male,142500
12,46,84,Master,Finance,Male,139500
0,82,70,Bachelor,Operations,Male,60500
19,84,80,PhD,Marketing,Female,197500
16,88,48,Bachelor,Marketing,Female,160500
6,73,61,Bachelor,Operations,Female,86500
12,83,61,Bachelor,Marketing,Male,119500
3,70,86,Master,HR,Male,95000
3,58,79,Bachelor,Sales,Male,66500
5,90,72,Bachelor,Sales,Female,107000
18,71,74,PhD,IT,Male,199500
11,55,90,Bachelor,HR,Female,107000
6,66,68,Bachelor,HR,Female,74500
9,67,53,Master,Finance,Male,108500
18,78,84,Bachelor,HR,Male,146500
6,100,72,Bachelor,Finance,Male,109500
2,78,82,Bachelor,IT,Male,95000
12,74,69,Bachelor,Finance,Female,134000
12,100,59,Bachelor,IT,Female,132000
17,84,75,Bachelor,Marketing,Male,156500
19,75,70,Bachelor,Sales,Female,154000
7,66,72,Bachelor,Sales,Female,107500
8,76,91,Master,Finance,Female,126500
6,71,56,Bachelor,IT,Male,102500
0,73,74,Bachelor,IT,Male,61500
2,88,59,Master,HR,Male,81500
12,66,40,Master,IT,Female,141500
16,78,69,Bachelor,HR,Male,156500
0,83,70,PhD,IT,Male,89000
5,64,78,Bachelor,Sales,Female,95000
20,62,67,Bachelor,Finance,Female,159000
5,70,51,Master,IT,Female,120500
11,66,59,Bachelor,Sales,Male,112500
12,86,87,Bachelor,Finance,Male,138500
12,60,59,Bachelor,IT,Female,126500
14,73,91,Bachelor,Marketing,Male,161500
20,100,84,Bachelor,Marketing,Male,176000
15,77,66,PhD,Sales,Male,161000
20,79,61,Bachelor,IT,Male,177000
10,86,84,Master,Finance,Male,139500
4,66,67,Master,IT,Female,96500
3,59,50,Master,IT,Female,78500
2,74,77,Master,Sales,Female,81500
18,75,75,Master,Sales,Male,177500
19,53,85,Bachelor,Finance,Male,145500
17,77,75,Bachelor,Marketing,Male,149500
14,85,63,Bachelor,IT,Female,150500
8,61,87,Master,Sales,Male,115500
16,77,88,Master,IT,Female,186500
13,83,73,Bachelor,IT,Female,122000
14,79,71,Bachelor,HR,Male,125000
0,80,53,Bachelor,Marketing,Male,39000
20,69,62,Master,Marketing,Female,193000
2,58,80,Bachelor,IT,Female,67500
15,67,63,Master,Finance,Male,134000
10,65,51,PhD,HR,Male,125500
11,71,100,Bachelor,IT,Female,117000
9,85,51,Bachelor,Sales,Male,103000
15,56,99,Bachelor,IT,Male,147000
7,74,66,Bachelor,HR,Male,102500
5,59,69,Bachelor,Marketing,Male,82500
11,63,61,Bachelor,IT,Male,121000
20,79,80,Master,Marketing,Male,175500
7,58,51,Bachelor,Sales,Male,78500
3,81,46,Bachelor,IT,Male,64000
7,56,91,PhD,Operations,Female,118500
17,80,60,Master,Marketing,Female,162500
4,53,80,Bachelor,IT,Female,81500
8,65,56,Master,Finance,Female,97500
3,95,79,Bachelor,Finance,Male,88500
16,93,92,Master,Sales,Male,181000
8,67,63,Master,Sales,Female,112500
0,77,45,Master,Sales,Male,65500
20,86,92,Bachelor,Operations,Male,171000
19,80,82,Master,Sales,Female,167000
12,69,64,Bachelor,Marketing,Male,111500
15,63,67,Bachelor,Finance,Male,143500
12,82,56,Bachelor,HR,Female,130500
13,86,88,Bachelor,IT,Female,140000
2,93,63,Bachelor,Sales,Male,58500
5,52,52,Master,Finance,Female,97500
17,57,73,PhD,IT,Female,196500
18,86,59,Bachelor,IT,Female,160000
4,53,57,Bachelor,Finance,Male,76500
14,87,64,Bachelor,Marketing,Male,128500
1,69,71,Bachelor,HR,Female,68000
9,66,52,Bachelor,Marketing,Female,97500
17,74,88,PhD,HR,Female,185500
12,56,79,Bachelor,Marketing,Male,115500
4,82,65,Bachelor,IT,Male,92500
0,92,58,Bachelor,IT,Female,69000
0,82,69,Master,Marketing,Male,89500
17,69,82,Master,HR,Male,164500
14,54,80,PhD,IT,Male,175000
16,54,84,Master,Finance,Male,158500
10,56,64,Bachelor,IT,Female,113000
20,72,40,Bachelor,HR,Female,157500
16,73,86,Master,Finance,Male,155500
12,82,68,Bachelor,Marketing,Male,130500
0,50,79,Master,Sales,Female,64500
1,88,92,Bachelor,IT,Male,81000
8,80,100,Bachelor,Operations,Male,116500
2,68,62,Bachelor,HR,Female,81500
0,58,72,Master,Marketing,Male,72000
20,87,88,Master,Marketing,Female,191500
15,68,59,Bachelor,Marketing,Male,143000
5,72,62,Bachelor,HR,Female,80500
16,77,62,Bachelor,Finance,Male,166000
4,61,70,Bachelor,IT,Female,80000
4,69,67,Bachelor,IT,Male,87500
5,82,62,Bachelor,Finance,Male,104000
2,81,57,Bachelor,Finance,Female,87000
20,81,81,Bachelor,Finance,Male,172500
4,58,87,Bachelor,IT,Male,96500
20,69,89,Bachelor,Sales,Male,167000
4,67,64,Bachelor,Sales,Female,76500
9,77,81,Bachelor,Operations,Male,99000
9,76,73,Bachelor,HR,Male,114000
18,74,63,Master,Sales,Female,174500
16,100,80,Bachelor,Sales,Male,148500
20,69,62,Bachelor,Finance,Female,168500
13,67,65,Bachelor,Finance,Female,153500
8,58,52,Master,Operations,Female,117500
13,54,64,Master,HR,Female,125500
0,57,73,Master,HR,Female,77500
18,63,90,Master,IT,Male,166000
12,88,65,Bachelor,IT,Female,106500
12,72,57,Master,Sales,Male,134000
3,74,89,Master,Marketing,Male,106500
0,71,63,Bachelor,Finance,Female,75000
16,76,47,Bachelor,IT,Male,150500
7,89,72,Bachelor,Marketing,Female,97000
1,48,66,PhD,Marketing,Male,89500
7,87,100,Bachelor,IT,Female,110000
6,42,76,Master,Sales,Male,95000
1,72,68,Bachelor,IT,Female,81500
2,98,58,Bachelor,Finance,Female,73500
17,80,74,Bachelor,Marketing,Female,162500
11,76,89,Bachelor,IT,Male,123500
0,96,74,Master,Sales,Male,99000
11,64,59,Master,Sales,Male,113000
4,77,77,Bachelor,Sales,Female,77000
16,79,69,Master,IT,Female,162500
15,66,76,Bachelor,IT,Male,127000
14,67,65,PhD,IT,Female,140000
14,65,65,Bachelor,HR,Female,111500
4,73,65,Bachelor,Sales,Male,79500
20,79,82,Bachelor,Sales,Female,167500
13,73,65,Bachelor,Sales,Female,132000
1,81,64,Bachelor,Operations,Male,64500
10,48,58,Master,Sales,Male,121000
18,69,76,Master,Finance,Male,166000
6,60,74,Master,IT,Female,115000
5,76,64,Bachelor,Marketing,Female,92500
1,75,61,Bachelor,IT,Female,68500
5,71,94,Bachelor,IT,Male,102000
17,78,46,Bachelor,HR,Male,143000
1,84,76,Master,Sales,Male,69500
17,71,87,Bachelor,IT,Male,166500
14,59,40,Bachelor,Sales,Female,118500
18,53,80,Bachelor,Sales,Female,161000
1,72,67,PhD,HR,Female,91500
19,75,73,Bachelor,IT,Female,166500
5,60,66,Bachelor,IT,Male,73000
0,81,84,Bachelor,Sales,Male,80500
14,66,75,Bachelor,Sales,Male,131000
9,52,72,Bachelor,Sales,Female,110500
18,87,58,Bachelor,Marketing,Female,155000
16,86,94,Master,IT,Male,167500
4,48,70,Bachelor,IT,Male,84000
3,65,100,Master,Sales,Male,94000
9,65,95,PhD,IT,Male,139500
16,92,47,Master,Finance,Male,159500
9,71,61,Bachelor,HR,Male,108000
16,54,57,Bachelor,IT,Male,148500
19,83,69,Master,IT,Female,180500
4,57,72,Master,Finance,Female,99500
1,69,73,Bachelor,IT,Male,68500
5,63,84,Master,IT,Male,125500
20,65,89,Bachelor,Sales,Male,181500
1,83,83,Bachelor,Sales,Male,79000
12,90,63,Bachelor,IT,Male,115000
10,57,60,Bachelor,Sales,Male,114500
10,80,70,Bachelor,Finance,Female,115000
15,63,76,Master,HR,Female,139500
10,64,68,Bachelor,Sales,Male,108500
18,78,53,Bachelor,Sales,Female,146500
14,60,79,Bachelor,Sales,Male,138500
15,78,65,Bachelor,IT,Male,160000
10,81,65,Bachelor,IT,Female,128000
15,67,69,Master,Sales,Female,175500
7,88,67,Master,Finance,Female,101500
3,57,65,Master,IT,Female,86000
7,88,53,Master,Sales,Female,102500
3,49,69,Bachelor,Sales,Female,83500
2,100,79,Bachelor,Sales,Female,78500
2,67,73,Bachelor,Finance,Male,75500
17,58,82,Bachelor,Sales,Female,155000
18,69,61,PhD,IT,Female,170500
18,59,53,Bachelor,IT,Female,149000
20,77,67,Bachelor,Marketing,Male,174500
4,88,62,Master,IT,Female,97500
17,60,63,PhD,Finance,Male,158000
9,79,73,Master,Marketing,Male,114000
20,54,63,Bachelor,Finance,Male,160000
5,84,54,Bachelor,IT,Female,94500
0,77,63,Bachelor,IT,Female,66500
4,85,74,Bachelor,HR,Male,78000
8,71,79,Bachelor,HR,Male,110500
11,67,79,Bachelor,Sales,Male,118500
13,82,76,PhD,Sales,Female,160000
1,56,68,Bachelor,HR,Male,55500
16,51,75,Master,Sales,Male,167000
13,72,69,Master,IT,Male,143000
12,67,71,Bachelor,IT,Male,129500
8,79,58,Master,Sales,Male,124500
14,85,71,Bachelor,Finance,Female,142500
14,78,75,Bachelor,Operations,Male,137500
10,84,74,Master,HR,Female,109000
15,76,53,Bachelor,Sales,Male,144000
16,78,71,PhD,Finance,Male,174500
3,71,51,Bachelor,Finance,Male,81000
0,78,72,Master,Finance,Female,79500
7,74,61,Bachelor,Sales,Female,92500
16,76,92,Bachelor,HR,Female,155500
2,70,72,Bachelor,Operations,Female,72000
19,82,80,Master,IT,Male,170500
14,63,97,Master,IT,Female,166500
14,72,59,Master,Finance,Female,134000
13,88,76,Bachelor,Marketing,Male,141500
13,61,55,Master,Sales,Female,150000
1,46,74,Master,Finance,Male,66000
12,76,93,Master,Marketing,Male,139500
13,69,62,Bachelor,Finance,Male,127500
18,84,58,Master,Marketing,Male,166000
6,70,69,Master,Sales,Male,121000
2,65,97,Bachelor,IT,Male,71000
14,71,80,Master,Finance,Male,148000
13,85,58,Master,Operations,Male,154000
10,79,89,Bachelor,Sales,Female,116500
14,43,48,Bachelor,Marketing,Female,115000
12,74,98,Bachelor,HR,Male,129500
17,75,81,Bachelor,IT,Male,165500
5,72,93,Master,HR,Male,98000
2,65,49,Bachelor,Sales,Female,72000
18,86,72,Master,Marketing,Male,158000
14,87,68,Master,IT,Male,143000
4,46,57,Bachelor,IT,Male,75500
9,62,53,Master,IT,Female,126000
6,70,77,PhD,IT,Male,131000
16,83,78,Master,IT,Male,155500
6,72,87,Master,Finance,Male,117000
11,64,63,PhD,IT,Male,148000
16,81,68,Master,IT,Female,156000
12,69,52,Bachelor,HR,Female,105500
19,71,90,Master,IT,Female,183500
3,72,71,Master,IT,Female,106500
9,79,79,Master,Finance,Male,126500
2,68,80,Bachelor,IT,Female,70000
8,80,89,Master,HR,Female,101000
12,71,59,Bachelor,IT,Male,141000
17,59,79,PhD,Sales,Female,183500
14,72,70,Bachelor,Operations,Male,135500
3,60,97,Bachelor,Sales,Male,93000
14,72,59,Bachelor,HR,Female,132000
1,82,85,Bachelor,Sales,Female,67500
14,59,75,Master,Marketing,Female,149000
7,76,74,PhD,IT,Male,122500
7,62,71,Master,Finance,Female,101500
16,74,88,Bachelor,Sales,Male,156000
11,82,73,Bachelor,Finance,Male,132000
18,46,50,Master,IT,Female,151500
9,59,86,PhD,Sales,Female,122500
8,68,83,Bachelor,Sales,Male,101000
4,76,78,Bachelor,IT,Female,84000
5,70,55,Bachelor,HR,Male,86500
19,71,57,Master,IT,Male,176000
1,97,46,Master,Sales,Male,91500
12,57,76,Bachelor,IT,Female,130000
5,86,52,Bachelor,Finance,Male,84500
4,68,48,Master,Sales,Female,73000
0,79,87,Bachelor,HR,Male,65500
20,98,80,Bachelor,Marketing,Female,157500
20,80,66,Master,Finance,Male,175500
5,76,68,Bachelor,IT,Female,87000
5,91,40,Bachelor,Marketing,Male,81500
15,85,82,Master,IT,Female,150500
3,62,61,Master,Finance,Female,81500
10,76,74,Master,IT,Female,143000
8,51,40,Master,Marketing,Male,115000
2,66,83,Master,Operations,Female,97500
18,76,60,Master,Operations,Male,165000
7,65,52,Bachelor,HR,Female,93000
4,75,66,Master,IT,Female,110500
3,72,62,PhD,Finance,Male,90000
5,78,84,Bachelor,Sales,Male,99500
1,67,65,Bachelor,IT,Male,82000
19,61,88,Bachelor,Operations,Female,151500
10,90,74,Bachelor,Finance,Female,133500
3,66,82,Bachelor,Operations,Male,95000
14,80,70,Master,Sales,Male,156000
5,89,87,PhD,Sales,Male,125500
16,74,55,Bachelor,Finance,Male,135000
5,62,71,Bachelor,IT,Male,100500
18,70,65,Bachelor,Finance,Female,147000
1,84,88,Master,Finance,Male,90500
14,74,89,Bachelor,IT,Female,148000
10,58,70,Bachelor,HR,Female,78500
7,79,53,Bachelor,Finance,Male,103000
18,81,76,Bachelor,Marketing,Female,181500
12,68,48,Bachelor,Marketing,Male,100000
11,79,91,Master,IT,Male,141500
4,75,64,Master,Operations,Male,75000
5,70,70,Master,IT,Male,96500
3,56,61,Bachelor,Finance,Male,57000
18,85,58,Master,HR,Male,167000
19,81,80,Master,Sales,Male,184000
0,79,68,Bachelor,IT,Male,72000
19,91,71,Master,Finance,Male,171000
16,83,57,Bachelor,Marketing,Male,139000
11,80,81,Master,IT,Male,142500
14,45,82,Bachelor,Marketing,Male,122000
0,86,67,PhD,Operations,Female,76000
13,73,86,Bachelor,Operations,Male,128500
5,76,69,Master,IT,Female,97500
4,76,80,Master,IT,Male,106500
10,81,49,Master,Finance,Female,138000
3,85,75,Bachelor,Finance,Male,107000
12,80,66,Bachelor,IT,Female,133500
10,78,72,Master,IT,Female,138500
2,75,71,Bachelor,Operations,Male,66000
0,40,72,Bachelor,Operations,Female,48500
5,69,78,Master,IT,Male,117500
17,61,63,Bachelor,Finance,Male,146500
9,87,77,Bachelor,Finance,Female,116500
4,79,86,Bachelor,IT,Female,103500
9,67,52,Bachelor,Marketing,Male,101000
11,68,60,Master,Marketing,Male,141000
1,67,60,Master,Sales,Female,81500
12,67,56,Master,Sales,Female,137000
7,55,64,PhD,HR,Female,109500
1,52,83,Bachelor,Marketing,Female,68500
19,72,89,Bachelor,IT,Male,165500
0,85,71,Bachelor,Marketing,Female,68500
4,66,66,Bachelor,HR,Male,77000
8,76,80,PhD,IT,Male,145000
16,81,40,Bachelor,IT,Male,146500
8,60,56,Bachelor,IT,Female,122000
10,72,40,Bachelor,Operations,Male,104500
14,64,56,Master,IT,Female,143000
5,91,60,Master,IT,Male,111000
2,91,89,Bachelor,Finance,Male,92000
16,60,40,PhD,Marketing,Female,171000
4,77,65,Bachelor,IT,Male,89500
11,85,78,Bachelor,Operations,Male,125000
17,82,75,Master,Sales,Male,169000
13,73,89,Bachelor,Marketing,Female,122500
20,88,72,PhD,Marketing,Male,203500
10,61,75,PhD,IT,Male,131000
8,68,46,Master,Finance,Male,103000
1,61,57,Master,Sales,Male,75000
11,81,47,Bachelor,IT,Male,119500
2,65,77,PhD,IT,Male,109500
2,70,75,Bachelor,Marketing,Male,76000
0,79,74,Master,IT,Female,82500
7,80,59,PhD,Operations,Male,111500
7,61,57,PhD,IT,Male,124000
10,85,73,Master,Sales,Male,129000
8,77,61,Bachelor,HR,Male,102500
4,59,57,PhD,Sales,Female,99000
13,56,63,Master,Finance,Male,143500
2,72,61,PhD,HR,Male,90000
20,82,59,Master,Sales,Female,182500
4,83,54,Bachelor,HR,Male,87000
4,76,76,Bachelor,Finance,Male,82000
18,73,90,Master,HR,Male,161500
13,78,69,Master,Sales,Male,147000
3,62,73,Bachelor,Finance,Male,66000
12,92,77,Master,Operations,Male,150500
9,92,75,Bachelor,IT,Female,119500
17,77,59,Master,HR,Female,157500
7,74,92,Bachelor,Sales,Male,108000
7,67,60,Bachelor,Marketing,Male,99000
6,78,78,Bachelor,Sales,Male,96000
7,64,77,Bachelor,Operations,Male,104000
13,45,45,Bachelor,Finance,Male,115000
18,40,65,Bachelor,IT,Female,159000
5,62,71,Bachelor,IT,Female,81500
0,74,72,PhD,Sales,Female,92500
14,76,74,Master,Sales,Female,145500
0,66,80,Bachelor,IT,Male,56000
16,74,70,PhD,IT,Male,178000
0,69,75,Bachelor,IT,Male,67000
14,60,69,Master,Sales,Male,130000
1,71,57,Master,Finance,Female,60000
13,82,70,Bachelor,Finance,Male,132500
20,61,80,Bachelor,HR,Female,177000
7,61,84,Bachelor,Sales,Male,101500
7,59,77,Bachelor,Marketing,Female,90000
18,49,87,Master,Marketing,Female,174500
6,66,75,Bachelor,IT,Female,106000
18,81,81,Bachelor,HR,Female,168500
5,74,82,Bachelor,Sales,Male,97000
5,70,67,Bachelor,Operations,Female,93000
2,74,79,Bachelor,IT,Female,86000
6,66,58,Bachelor,IT,Female,90500
18,49,75,Master,IT,Female,153500
7,81,78,Bachelor,Finance,Female,99500
9,85,84,Bachelor,Sales,Female,124500
19,63,81,Master,IT,Male,174500
14,70,84,Bachelor,HR,Female,132500
14,69,69,Master,Finance,Male,137500
0,76,66,Master,IT,Male,74500
19,92,66,Bachelor,HR,Male,162000
6,86,73,Bachelor,IT,Male,106500
3,67,46,Bachelor,Finance,Male,70000
5,79,87,Bachelor,Sales,Male,88000
0,87,71,Bachelor,HR,Male,70500
4,77,65,Bachelor,IT,Male,91000
0,72,40,Bachelor,Operations,Male,59000
3,77,70,Bachelor,Marketing,Female,91500
1,64,67,Master,Sales,Female,72500
9,65,58,Master,IT,Female,121500
4,59,61,Bachelor,IT,Female,88500
9,76,70,Bachelor,IT,Female,107000
0,70,62,Master,IT,Male,79500
5,62,77,Master,Finance,Female,101500
12,70,60,Master,Operations,Female,157500
14,78,72,Bachelor,HR,Male,134500
3,95,85,Master,IT,Male,113000
12,84,70,Bachelor,Marketing,Female,134000
19,45,75,Bachelor,IT,Male,150000
14,75,74,Bachelor,Marketing,Female,121500
7,89,70,Bachelor,Marketing,Male,103500
4,56,69,Bachelor,Sales,Female,90500
14,79,63,Bachelor,Operations,Male,136000
3,69,72,Master,IT,Male,95000
11,86,66,PhD,HR,Male,141500
12,77,90,Bachelor,Operations,Female,115500
1,61,81,Bachelor,Sales,Female,58000
18,70,51,Bachelor,HR,Female,134500
18,70,52,Master,Operations,Male,152000
3,71,68,Bachelor,IT,Female,77500
3,85,65,PhD,Operations,Male,110000
10,62,68,Bachelor,IT,Male,112500
4,84,78,Bachelor,HR,Male,86500
19,68,74,Master,Sales,Female,174000
10,75,74,Master,IT,Male,137000
9,73,89,Bachelor,HR,Male,100500
7,72,52,Bachelor,Finance,Female,107000
5,72,71,PhD,Operations,Female,98500
5,89,62,Bachelor,Sales,Male,86500
7,82,89,Master,Sales,Male,116000
14,68,41,Bachelor,Marketing,Male,134500
